0,"Вспомогательный (для ввода начальных остатков)",0,0,0,1,1," "," "," "
1,"Основные средства",0,0,0,1,0,"Осн. средства"," "," "
"01.1","Основные средства в организации",0,0,0,1,0,"Осн. средства"," "," "
"01.2","Выбытие основных средств",0,0,0,1,0,"Осн. средства"," "," "
2,"Амортизация основных средств",0,0,0,0,1,"Осн. средства"," "," "
"02.1","Амортизация основных средств, учитываемых на счете 01",0,0,0,0,1,"Осн. средства"," "," "
"02.2","Амортизация имущества, учитываемого на счете 03",0,0,0,0,1,"Осн. средства"," "," "
3,"Доходные вложения в материальные ценности",0,0,0,1,0,"Осн. средства"," "," "
"03.1","Материальные ценности в организации",0,0,0,1,0,"Осн. средства"," "," "
"03.2","Материальные ценности, предоставленные во временное владение и пользование",0,0,0,1,0,"Осн. средства","Контрагенты"," "
"03.3","Материальные ценности, предоставленные во временное пользование",0,0,0,1,0,"Осн. средства","Контрагенты"," "
"03.4","Прочие доходные вложения",0,0,0,1,0,"Осн. средства","Контрагенты"," "
"03.5","Выбытие материальных ценностей",0,0,0,1,0,"Осн. средства"," "," "
4,"Нематериальные активы и расходы на НИОКР",0,0,0,1,0,"НМА и расходы на НИОКР"," "," "
"04.1","Нематериальные активы",0,0,0,1,0,"НМА и расходы на НИОКР"," "," "
"04.2","Расходы на научно-исследовательские, опытно-конструкторские  и  технологические  работы",0,0,0,1,0,"НМА и расходы на НИОКР"," "," "
5,"Амортизация нематериальных активов",0,0,0,0,1,"НМА и расходы на НИОКР"," "," "
7,"Оборудование к установке",0,1,0,1,0,"Оборудование","Места хранения"," "
8,"Вложения во внеоборотные активы",0,0,0,1,0," "," "," "
"08.1","Приобретение земельных участков",0,0,0,1,0,"Объекты внеобор.активов"," "," "
"08.2","Приобретение объектов природопользования",0,0,0,1,0,"Объекты внеобор.активов"," "," "
"08.3","Строительство объектов основных средств",0,0,0,1,0,"Объекты внеобор.активов","Затраты на строит."," "
"08.4","Приобретение отдельных объектов основных средств",0,1,0,1,0,"Объекты внеобор.активов"," "," "
"08.5","Приобретение нематериальных активов",0,0,0,1,0,"Объекты внеобор.активов"," "," "
"08.6","Перевод молодняка животных в основное стадо",0,0,0,1,0," "," "," "
"08.7","Приобретение взрослых животных",0,0,0,1,0," "," "," "
"08.8","Выполнение научно-исследовательских, опытно-конструкторских и технологических работ",0,0,0,1,0,"Объекты внеобор.активов"," "," "
9,"Отложенные налоговые активы",0,0,0,1,0,"Виды активов и обязательств"," "," "
10,"Материалы",0,0,0,1,0,"Материалы"," "," "
"10.1","Сырье и материалы",0,0,0,1,0,"Материалы"," "," "
"10.2","Покупные полуфабрикаты и комплектующие изделия, конструкции и детали",0,0,0,1,0,"Материалы"," "," "
"10.3","Топливо",0,0,0,1,0,"Материалы"," "," "
"10.4","Тара и тарные материалы",0,0,0,1,0,"Материалы"," "," "
"10.5","Запасные части",0,0,0,1,0,"Материалы"," "," "
"10.6","Прочие материалы",0,0,0,1,0,"Материалы"," "," "
"10.7","Материалы, переданные в переработку на сторону",0,0,0,1,0,"Материалы"," "," "
"10.8","Строительные материалы",0,0,0,1,0,"Материалы"," "," "
"10.9","Инвентарь и хозяйственные принадлежности",0,0,0,1,0,"Материалы"," "," "
"10.10","Специальная оснастка и специальная одежда на складе",0,0,0,1,0,"Материалы"," "," "
"10.11","Специальная оснастка и специальная одежда в эксплуатации",0,0,0,1,0,"Материалы"," "," "
11,"Животные на выращивании и откорме",0,0,0,1,1," "," "," "
14,"Резервы под снижение материальных ценностей",0,0,0,1,1," "," "," "
"14.1","Резервы под снижение стоимости материалов",0,0,0,1,1,"Материалы"," "," "
"14.2","Резервы под снижение стоимости товаров",0,0,0,1,1,"Номенклатура"," "," "
"14.3","Резервы под снижение стоимости готовой продукции",0,0,0,1,1,"Номенклатура"," "," "
"14.4","Резервы под снижение стоимости незавершенного производства",0,0,0,1,1,"Виды номенклатуры"," "," "
15,"Заготовление и приобретение материальных ценностей",0,0,0,1,1," "," "," "
"15.1","Заготовление и приобретение материалов",0,0,0,1,1," "," "," "
"15.2","Приобретение товаров",0,0,0,1,1," "," "," "
16,"Отклонение в стоимости материальных ценностей",0,0,0,1,1," "," "," "
"16.1","Отклонение в стоимости материалов",0,0,0,1,1," "," "," "
"16.2","Отклонение в стоимости товаров",0,0,0,1,1," "," "," "
"16.3","Отклонение в стоимости оборудования к установке",0,0,0,1,1," "," "," "
19,"Налог на добавленную стоимость по приобретенным ценностям",0,0,0,1,0," "," "," "
"19.1","Налог на добавленную стоимость при приобретении основных средств",0,0,0,1,0,"Контрагенты"," "," "
"19.2","Налог на добавленную стоимость по приобретенным нематериальным активам",0,0,0,1,0,"Контрагенты"," "," "
"19.3","Налог на добавленную стоимость по приобретенным материально-производственным запасам",0,0,0,1,0,"Контрагенты"," "," "
"19.4","Налог на добавленную стоимость, уплачиваемый таможенным органам по ввозимым товарам",0,0,0,1,0,"Контрагенты"," "," "
"19.5","Акцизы по оплаченным материальным ценностям",0,0,0,1,0," "," "," "
20,"Основное производство",0,0,0,1,0,"Номенклатура","Затраты осн. произ-ва","Подразделения"
21,"Полуфабрикаты собственного производства",0,0,0,1,0,"Номенклатура"," "," "
23,"Вспомогательные производства",0,0,0,1,0,"Подразделения","Затраты на производство"," "
25,"Общепроизводственные расходы",0,0,0,1,0,"Общепроизв. затраты","Подразделения"," "
26,"Общехозяйственные расходы",0,0,0,1,0,"Общехоз. затраты","Подразделения"," "
28,"Брак в производстве",0,0,0,1,0,"Виды номенклатуры","Затраты на производство","Подразделения"
29,"Обслуживающие производства и хозяйства",0,0,0,1,0,"Затраты обсл. пр-в","Подразделения"," "
40,"Выпуск продукции (работ, услуг)",0,0,0,1,1,"Виды номенклатуры"," "," "
41,"Товары",0,0,0,1,0,"Номенклатура"," "," "
"41.1","Товары на складах",0,0,0,1,0,"Номенклатура"," "," "
"41.2","Товары в розничной торговле",0,0,0,1,0,"Номенклатура"," "," "
"41.3","Тара под товаром и порожняя",0,0,0,1,0,"Номенклатура"," "," "
"41.4","Покупные изделия",0,0,0,1,0,"Номенклатура"," "," "
"41.5","Товары, переданные в переработку",0,0,0,1,0,"Номенклатура"," "," "
42,"Торговая наценка",0,0,0,0,1," "," "," "
43,"Готовая продукция",0,0,0,1,0,"Номенклатура"," "," "
44,"Расходы на продажу",0,0,0,1,0," "," "," "
"44.1","Издержки обращения в организациях, осуществляющих торговую деятельность",0,0,0,1,0,"Издержки обращения"," "," "
"44.1.1","Издержки обращения в организациях, осуществляющих торговую деятельность, не облагаемую ЕНВД",0,0,0,1,0,"Издержки обращения"," "," "
"44.1.2","Издержки обращения в организациях, осуществляющих торговую деятельность, облагаемую ЕНВД",0,0,0,1,0,"Издержки обращения"," "," "
"44.1.3","Издержки обращения в организациях, осуществляющих торговую деятельность, подлежащие распределению",0,0,0,1,0,"Издержки обращения"," "," "
"44.2","Коммерческие расходы в организациях, осуществляющих промышленную и иную производственную деятельность",0,0,0,1,0,"Коммерч. расходы"," "," "
"44.3","Расходы на продажу в организациях, осуществляющих заготовление и переработку сельскохозяйственной продукции",0,0,0,1,0,"Расходы на продажу"," "," "
45,"Товары отгруженные",0,1,0,1,0,"Контрагенты","Договоры","Номенклатура"
46,"Выполненные этапы по незавершенным работам",0,0,0,1,0,"Контрагенты","Договоры","Номенклатура"
50,"Касса",0,0,0,1,0," "," "," "
"50.1","Касса организации (в рублях)",0,0,0,1,0,"Дв. ден. средств"," "," "
"50.2","Операционная касса",0,0,0,1,0,"Дв. ден. средств"," "," "
"50.3","Денежные документы (в рублях)",0,0,0,1,0," "," "," "
"50.11","Касса организации (в валюте)",1,0,0,1,0,"Дв. ден. средств"," "," "
"50.33","Денежные документы (в валюте)",1,0,0,1,0," "," "," "
51,"Расчетные счета",0,0,0,1,0,"Банковские счета","Дв. ден. средств"," "
52,"Валютные счета",1,0,0,1,0,"Банковские счета","Дв. ден. средств"," "
55,"Специальные счета в банках",0,0,0,1,0,"Банковские счета"," "," "
"55.1","Аккредитивы (в рублях)",0,0,0,1,0,"Банковские счета","Дв. ден. средств"," "
"55.2","Чековые книжки (в рублях)",0,0,0,1,0,"Банковские счета","Дв. ден. средств"," "
"55.3","Депозитные счета (в рублях)",0,0,0,1,0,"Банковские счета","Дв. ден. средств"," "
"55.4","Прочие специальные счета (в рублях)",0,0,0,1,0,"Банковские счета","Дв. ден. средств"," "
"55.11","Аккредитивы ( в валюте)",1,0,0,1,0,"Банковские счета","Дв. ден. средств"," "
"55.33","Депозитные счета (в валюте)",1,0,0,1,0,"Банковские счета","Дв. ден. средств"," "
"55.44","Прочие специальные счета (в валюте)",1,0,0,1,0,"Банковские счета","Дв. ден. средств"," "
57,"Переводы в пути",0,0,0,1,0," "," "," "
"57.1","Переводы в пути (в рублях)",0,0,0,1,0," "," "," "
"57.11","Переводы в пути (в валюте)",1,0,0,1,0," "," "," "
58,"Финансовые вложения",0,0,0,1,0,"Контрагенты"," "," "
"58.1","Паи и акции",0,0,0,1,0,"Контрагенты"," "," "
"58.1.1","Паи",0,0,0,1,0,"Контрагенты"," "," "
"58.1.2","Акции",0,1,0,1,0,"Контрагенты","Ценные бумаги"," "
"58.2","Долговые ценные бумаги",0,1,0,1,0,"Контрагенты","Ценные бумаги"," "
"58.3","Предоставленные займы",0,0,0,1,0,"Контрагенты","Договоры"," "
"58.4","Вклады по договору простого товарищества",0,0,0,1,0,"Контрагенты","Договоры"," "
"58.5","Приобретенные права в рамках оказания финансовых услуг",0,0,0,1,0,"Контрагенты","Договоры"," "
59,"Резервы под обесценение финансовых вложений",0,0,0,0,1,"Контрагенты","Ценные бумаги"," "
60,"Расчеты с поставщиками и подрядчиками",0,0,0,1,1,"Контрагенты","Договоры"," "
"60.1","Расчеты с поставщиками и подрядчиками (в рублях)",0,0,0,0,1,"Контрагенты","Договоры"," "
"60.2","Расчеты по авансам выданным (в рублях)",0,0,0,1,0,"Контрагенты","Договоры"," "
"60.3","Векселя выданные",0,0,0,0,1,"Контрагенты","Договоры"," "
"60.11","Расчеты с поставщиками и подрядчиками (в валюте)",1,0,0,0,1,"Контрагенты","Договоры"," "
"60.22","Расчеты по авансам выданным (в валюте)",1,0,0,1,0,"Контрагенты","Договоры"," "
62,"Расчеты с покупателями и заказчиками",0,0,0,1,1,"Контрагенты","Договоры"," "
"62.1","Расчеты с покупателями и заказчиками (в рублях)",0,0,0,1,0,"Контрагенты","Договоры"," "
"62.2","Расчеты по авансам полученным (в рублях)",0,0,0,0,1,"Контрагенты","Договоры"," "
"62.3","Векселя полученные",0,0,0,1,0,"Контрагенты","Договоры"," "
"62.4","Расчеты с покупателями по товарам (работам, услугам) комитента (в рублях)",0,0,0,1,0,"Контрагенты","Договоры"," "
"62.11","Расчеты с покупателями и заказчиками (в валюте)",1,0,0,1,0,"Контрагенты","Договоры"," "
"62.22","Расчеты по авансам полученным (в валюте)",1,0,0,0,1,"Контрагенты","Договоры"," "
"62.44","Расчеты с покупателями по товарам (работам, услугам) комитента (в валюте)",1,0,0,1,0,"Контрагенты","Договоры"," "
63,"Резервы по сомнительным долгам",0,0,0,0,1,"Контрагенты","Договоры"," "
66,"Расчеты по краткосрочным кредитам и займам",0,0,0,0,1,"Контрагенты","Договоры"," "
"66.1","Краткосрочные кредиты (в рублях)",0,0,0,0,1,"Контрагенты","Договоры"," "
"66.2","Проценты по краткосрочным кредитам (в рублях)",0,0,0,0,1,"Контрагенты","Договоры"," "
"66.3","Краткосрочные займы (в рублях)",0,0,0,0,1,"Контрагенты","Договоры"," "
"66.4","Проценты по краткосрочным займам (в рублях)",0,0,0,0,1,"Контрагенты","Договоры"," "
"66.5","Краткосрочные займы по облигациям",0,0,0,0,1,"Контрагенты","Договоры"," "
"66.6","Расчеты с банками по учету (дисконту) краткосрочных долговых обязательств",0,0,0,0,1,"Контрагенты","Договоры"," "
"66.11","Краткосрочные кредиты (в валюте)",1,0,0,0,1,"Контрагенты","Договоры"," "
"66.22","Проценты по краткосрочным кредитам (в валюте)",1,0,0,0,1,"Контрагенты","Договоры"," "
"66.33","Краткосрочные займы (в валюте)",1,0,0,0,1,"Контрагенты","Договоры"," "
"66.44","Проценты по краткосрочным займам (в валюте)",1,0,0,0,1,"Контрагенты","Договоры"," "
67,"Расчеты по долгосрочным кредитам и займам",0,0,0,0,1,"Контрагенты","Договоры"," "
"67.1","Долгосрочные кредиты (в рублях)",0,0,0,0,1,"Контрагенты","Договоры"," "
"67.2","Проценты по долгосрочным кредитам (в рублях)",0,0,0,0,1,"Контрагенты","Договоры"," "
"67.3","Долгосрочные займы (в рублях)",0,0,0,0,1,"Контрагенты","Договоры"," "
"67.4","Проценты по долгосрочным займам (в рублях)",0,0,0,0,1,"Контрагенты","Договоры"," "
"67.5","Долгосрочные займы по облигациям",0,0,0,0,1,"Контрагенты","Договоры"," "
"67.6","Расчеты с банками по учету (дисконту) долгосрочных долговых обязательств",0,0,0,0,1,"Контрагенты","Договоры"," "
"67.11","Долгосрочные кредиты (в валюте)",1,0,0,0,1,"Контрагенты","Договоры"," "
"67.22","Проценты по долгосрочным кредитам (в валюте)",1,0,0,0,1,"Контрагенты","Договоры"," "
"67.33","Долгосрочные займы (в валюте)",1,0,0,0,1,"Контрагенты","Договоры"," "
"67.44","Проценты по долгосрочным займам (в валюте)",1,0,0,0,1,"Контрагенты","Договоры"," "
68,"Расчеты по налогам и сборам",0,0,0,1,1," "," "," "
"68.1","Налог на доходы физических лиц",0,0,0,1,1,"Виды плат. в бюджет"," "," "
"68.2","Налог на добавленную стоимость",0,0,0,1,1,"Виды плат. в бюджет"," "," "
"68.3","Акцизы",0,0,0,1,1,"Виды плат. в бюджет"," "," "
"68.4","Налог на доходы (прибыль) организаций",0,0,0,1,1," "," "," "
"68.4.1","Расчеты с бюджетом",0,0,0,1,1,"Виды плат. в бюджет","Бюджеты"," "
"68.4.2","Расчет налога на прибыль",0,0,0,1,1," "," "," "
"68.5","Налог с продаж",0,0,0,1,1,"Виды плат. в бюджет"," "," "
"68.7","Налог на владельцев автотранспортных средств",0,0,0,1,1,"Виды плат. в бюджет"," "," "
"68.8","Налог на имущество",0,0,0,1,1,"Виды плат. в бюджет"," "," "
"68.10","Прочие налоги и сборы",0,0,0,1,1,"Виды плат. в бюджет"," "," "
69,"Расчеты по социальному страхованию и обеспечению",0,0,0,1,1," "," "," "
"69.1","Расчеты по социальному страхованию",0,0,0,1,1,"Виды плат. в фонды","Сотрудники"," "
"69.2","Расчеты по пенсионному обеспечению",0,0,0,1,1,"Виды плат. в бюджет","Сотрудники"," "
"69.2.1","Расчеты с Федеральным бюджетом (базовая часть трудовой пенсии)",0,0,0,1,1,"Виды плат. в бюджет","Сотрудники"," "
"69.2.2","Расчеты с Пенсионным фондом РФ (страховая часть трудовой пенсии)",0,0,0,1,1,"Виды плат. в бюджет","Сотрудники"," "
"69.2.3","Расчеты с Пенсионным фондом РФ (накопительная часть трудовой пенсии)",0,0,0,1,1,"Виды плат. в бюджет","Сотрудники"," "
"69.3","Расчеты по обязательному медицинскому страхованию",0,0,0,1,1,"Виды плат. в бюджет","Сотрудники"," "
"69.3.1","Расчеты с ФФОМС",0,0,0,1,1,"Виды плат. в бюджет","Сотрудники"," "
"69.3.2","Расчеты с ТФОМС",0,0,0,1,1,"Виды плат. в бюджет","Сотрудники"," "
"69.11","Расчеты по обязательному социальному страхованию от несчастных случаев на производстве и профессиональных заболеваний",0,0,0,1,1,"Виды плат. в фонды"," "," "
"69.12","Расчеты по добровольному социальному страхованию на случай временной нетрудоспособности",0,0,0,1,1,"Виды плат. в фонды","Сотрудники"," "
70,"Расчеты с персоналом по оплате труда",0,0,0,0,1,"Сотрудники","Виды начислений (выплат)"," "
71,"Расчеты с подотчетными лицами",0,0,0,1,1,"Сотрудники"," "," "
"71.1","Расчеты с подотчетными лицами (в рублях)",0,0,0,1,1,"Сотрудники"," "," "
"71.11","Расчеты с подотчетными лицами (в валюте)",1,0,0,1,1,"Сотрудники"," "," "
73,"Расчеты с персоналом по прочим операциям",0,0,0,1,0,"Сотрудники"," "," "
"73.1","Расчеты по предоставленным займам",0,0,0,1,0,"Сотрудники"," "," "
"73.2","Расчеты по возмещению материального ущерба",0,0,0,1,0,"Сотрудники"," "," "
"73.3","Расчеты за товары, проданные в кредит",0,0,0,1,0,"Сотрудники"," "," "
75,"Расчеты с учредителями",0,0,0,1,1," "," "," "
"75.1","Расчеты по вкладам в уставный (складочный) капитал",0,0,0,1,0,"Контрагенты"," "," "
"75.2","Расчеты по выплате доходов",0,0,0,0,1,"Контрагенты"," "," "
"75.3","Расчеты по акциям на предъявителя",0,0,0,0,1," "," "," "
76,"Расчеты с разными дебиторами и кредиторами",0,0,0,1,1," "," "," "
"76.1","Расчеты по имущественному и личному страхованию",0,0,0,1,1,"Контрагенты","Договоры"," "
"76.1.1","Расчеты по имущественному страхованию",0,0,0,1,1,"Контрагенты","Договоры"," "
"76.1.2","Расчеты по договорам долгосрочного страхования жизни работников, пенсионного страхования и (или) негосударственного пенсионного обеспечения работников",0,0,0,1,1,"Контрагенты","Договоры","Сотрудники"
"76.1.3","Расчеты по договорам добровольного личного страхования, предусматривающим оплату страховщиками медицинских расходов застрахованных работников",0,0,0,1,1,"Контрагенты","Договоры","Сотрудники"
"76.1.4","Расчеты по договорам добровольного личного страхования, заключаемым исключительно на случай наступления смерти застрахованного работника или утраты застрахованным работником трудоспособности в связи с исполнением им трудовых обязанностей",0,0,0,1,1,"Контрагенты","Договоры","Сотрудники"
"76.2","Расчеты по претензиям",0,0,0,1,0,"Контрагенты","Договоры"," "
"76.3","Расчеты по причитающимся дивидендам и другим доходам",0,0,0,1,1,"Контрагенты"," "," "
"76.4","Расчеты по депонированным суммам",0,0,0,0,1,"Сотрудники"," "," "
"76.5","Прочие расчеты с разными дебиторами и кредиторами (в рублях)",0,0,0,1,1,"Контрагенты","Договоры"," "
"76.11","Расчеты по имущественному и личному страхованию (в валюте)",1,0,0,1,1,"Контрагенты","Договоры"," "
"76.22","Расчеты по претензиям (в валюте)",1,0,0,1,0,"Контрагенты","Договоры"," "
"76.55","Прочие расчеты с разными дебиторами и кредиторами (в валюте)",1,0,0,1,1,"Контрагенты","Договоры"," "
"76.АВ","НДС по авансам и предоплатам",0,0,0,1,1,"Контрагенты"," "," "
"76.ВА","НДС по авансам и предоплатам выданным",0,0,0,1,1,"Контрагенты"," "," "
"76.ЗП","Расчеты с банками по зачислению з/п",0,0,0,0,1,"Контрагенты","Договоры"," "
"76.Н","Расчеты по налогам, отложенным для уплаты в бюджет",0,0,0,0,1," "," "," "
"76.Н.1","Расчеты по налогу на добавленную стоимость, отложенному для уплаты в бюджет",0,0,0,0,1,"Контрагенты"," "," "
"76.Н.2","Расчеты по акцизам, отложенным для уплаты в бюджет",0,0,0,0,1,"Контрагенты"," "," "
"76.Н.4","Расчеты по налогу с продаж, отложенному для уплаты в бюджет",0,0,0,0,1,"Контрагенты"," "," "
77,"Отложенные налоговые обязательства",0,0,0,0,1,"Виды активов и обязательств"," "," "
79,"Внутрихозяйственные расчеты",0,0,0,1,1," "," "," "
"79.1","Расчеты по выделенному имуществу",0,0,0,1,1,"Подразделения"," "," "
"79.2","Расчеты по текущим операциям",0,0,0,1,1,"Подразделения"," "," "
"79.3","Расчеты по договору доверительного управления имуществом",0,0,0,1,1,"Контрагенты","Договоры"," "
80,"Уставный капитал",0,0,0,0,1,"Контрагенты"," "," "
81,"Собственные акции (доли)",0,0,0,1,0," "," "," "
82,"Резервный капитал",0,0,0,0,1," "," "," "
"82.1","Резервы, образованные в соответствии с законодательством",0,0,0,0,1," "," "," "
"82.2","Резервы, образованные в соответствии с учредительными документами",0,0,0,0,1," "," "," "
83,"Добавочный капитал",0,0,0,0,1," "," "," "
"83.1","Прирост стоимости имущества по переоценке",0,0,0,0,1,"Осн. средства"," "," "
"83.2","Эмиссионный доход",0,0,0,0,1," "," "," "
"83.3","Другие источники",0,0,0,0,1," "," "," "
84,"Нераспределенная прибыль (непокрытый убыток)",0,0,0,1,1," "," "," "
"84.1","Прибыль, подлежащая распределению",0,0,0,1,1," "," "," "
"84.2","Убыток, подлежащий покрытию",0,0,0,1,1," "," "," "
"84.3","Нераспределенная прибыль в обращении",0,0,0,1,1," "," "," "
"84.4","Нераспределенная прибыль использованная",0,0,0,1,1," "," "," "
86,"Целевое финансирование",0,0,0,1,1,"Назнач. цел. средств","Источники поступл."," "
90,"Продажи",0,0,0,1,1," "," "," "
"90.1","Выручка",0,0,0,0,1,"Виды номенклатуры"," "," "
"90.1.1","Выручка от продаж, не облагаемых ЕНВД",0,0,0,0,1,"Виды номенклатуры","Ставка НДС","Ставка НП"
"90.1.2","Выручка от продаж, облагаемых ЕНВД",0,0,0,0,1,"Виды номенклатуры"," "," "
"90.2","Себестоимость продаж",0,0,0,1,0,"Виды номенклатуры"," "," "
"90.2.1","Себестоимость продаж, не облагаемых ЕНВД",0,0,0,1,0,"Виды номенклатуры"," "," "
"90.2.2","Себестоимость продаж, облагаемых ЕНВД",0,0,0,1,0,"Виды номенклатуры"," "," "
"90.3","Налог на добавленную стоимость",0,0,0,1,0,"Виды номенклатуры","Ставка НДС"," "
"90.4","Акцизы",0,0,0,1,0,"Виды номенклатуры"," "," "
"90.5","Экспортные пошлины",0,0,0,1,0,"Виды номенклатуры"," "," "
"90.6","Налог с продаж",0,0,0,1,0,"Виды номенклатуры","Ставка НП"," "
"90.7","Расходы на продажу",0,0,0,1,0,"Виды номенклатуры"," "," "
"90.7.1","Расходы на продажи, не облагаемые ЕНВД",0,0,0,1,0,"Виды номенклатуры"," "," "
"90.7.2","Расходы на продажи, облагаемые ЕНВД",0,0,0,1,0,"Виды номенклатуры"," "," "
"90.8","Управленческие расходы",0,0,0,1,0,"Виды номенклатуры"," "," "
"90.8.1","Управленческие расходы по видам деятельности, не облагаемым ЕНВД",0,0,0,1,0,"Виды номенклатуры"," "," "
"90.8.2","Управленческие расходы по видам деятельности, облагаемым ЕНВД",0,0,0,1,0,"Виды номенклатуры"," "," "
"90.9","Прибыль/убыток от продаж",0,0,0,1,1," "," "," "
91,"Прочие доходы и расходы",0,0,0,1,1," "," "," "
"91.1","Прочие доходы",0,0,0,0,1,"Прочие доходы и расходы"," "," "
"91.2","Прочие расходы",0,0,0,1,0,"Прочие доходы и расходы"," "," "
"91.9","Сальдо прочих доходов и расходов",0,0,0,1,1," "," "," "
94,"Недостачи и потери от порчи ценностей",0,0,0,1,0," "," "," "
96,"Резервы предстоящих расходов",0,0,0,0,1,"Резервы"," "," "
97,"Расходы будущих периодов",0,0,0,1,0,"Расх. буд. пер."," "," "
98,"Доходы будущих периодов",0,0,0,0,1," "," "," "
"98.1","Доходы, полученные в счет будущих периодов",0,0,0,0,1,"Дох. буд. пер.","Контрагенты","Договоры"
"98.2","Безвозмездные поступления",0,0,0,0,1," "," "," "
"98.2.1","Безвозмездные поступления основных средств",0,0,0,0,1,"Осн. средства"," "," "
"98.2.2","Безвозмездные поступления прочих активов",0,0,0,0,1," "," "," "
"98.3","Предстоящие поступления по недостачам, выявленным за прошлые годы",0,0,0,0,1,"Сотрудники"," "," "
"98.4","Разница между суммой, подлежащей взысканию с виновных лиц, и балансовой стоимостью по недостачам ценностей",0,0,0,0,1,"Сотрудники"," "," "
99,"Прибыли и убытки",0,0,0,1,1," "," "," "
"99.1","Прибыли и убытки",0,0,0,1,1,"Прибыли и убытки"," "," "
"99.2","Налог на прибыль",0,0,0,1,1," "," "," "
"99.2.1","Условный расход по налогу на прибыль",0,0,0,1,0," "," "," "
"99.2.2","Условный доход по налогу на прибыль",0,0,0,0,1," "," "," "
"99.2.3","Постоянное налоговое обязательство",0,0,0,1,0," "," "," "
1,"Арендованные основные средства",0,0,1,1,0,"Осн. средства","Контрагенты"," "
2,"Товарно-материальные ценности, принятые на ответственное хранение",0,1,1,1,0,"Контрагенты"," "," "
"002.1","Материалы, принятые на ответственное хранение",0,1,1,1,0,"Контрагенты","Материалы","Места хранения"
"002.2","Товары, принятые на ответственное хранение",0,1,1,1,0,"Контрагенты","Номенклатура","Места хранения"
"002.3","Продукция, принятая на ответственное хранение",0,1,1,1,0,"Контрагенты","Номенклатура","Места хранения"
3,"Материалы, принятые в переработку",0,1,1,1,0,"Контрагенты","Материалы","Места хранения"
4,"Товары, принятые на комиссию",0,1,1,1,0,"Номенклатура","Контрагенты","Договоры"
5,"Оборудование, принятое для монтажа",0,0,1,1,0,"Оборудование"," "," "
6,"Бланки строгой отчетности",0,1,1,1,0,"Бланки стр.отч.","Места хранения"," "
7,"Списанная в убыток задолженность неплатежеспособных дебиторов",0,0,1,1,0,"Контрагенты","Договоры"," "
8,"Обеспечения обязательств и платежей полученные",0,0,1,1,0,"Контрагенты","Договоры","Виды обеспечения обязательств"
9,"Обеспечения обязательств и платежей выданные",0,0,1,1,0,"Контрагенты","Договоры","Виды обеспечения обязательств"
10,"Износ основных средств",0,0,1,1,0,"Осн. средства"," "," "
11,"Основные средства, сданные в аренду",0,0,1,1,0,"Контрагенты","Осн. средства"," "
"ВАЛ","Авансы в иностранной валюте",1,0,1,1,1,"Контрагенты","Договоры"," "
"ВАЛ.60","Авансы поставщикам в валюте",1,0,1,1,0,"Контрагенты","Договоры"," "
"ВАЛ.62","Авансы покупателей в валюте",1,0,1,0,1,"Контрагенты","Договоры"," "
"ВР","Выполнение работ",0,0,1,1,0,"Контрагенты","Договоры"," "
"ВР.1","Выполнение работ (в рублях)",0,0,1,1,0,"Контрагенты","Договоры"," "
"ВР.11","Выполнение работ (в валюте)",1,0,1,1,0,"Контрагенты","Договоры"," "
"ДФЛ","Доходы физических лиц",0,0,1,0,1,"Сотрудники","Виды начислений (выплат)"," "
"ДФЛ.1","Доходы, относящиеся к деятельности, не облагаемой ЕНВД",0,0,1,0,1,"Сотрудники","Виды начислений (выплат)"," "
"ДФЛ.2","Доходы, относящиеся к деятельности, облагаемой ЕНВД",0,0,1,0,1,"Сотрудники","Виды начислений (выплат)"," "
"КВР","Корректировка временных разниц",0,0,1,1,1," "," "," "
"КВР.01","Основные средства",0,0,1,1,1,"Осн. средства"," "," "
"КВР.04","Нематериальные активы",0,0,1,1,1,"НМА и расходы на НИОКР"," "," "
"КВР.07","Оборудование к установке",0,0,1,1,1,"Оборудование"," "," "
"КВР.08","Внеоборотные активы",0,0,1,1,1,"Объекты внеобор.активов"," "," "
"КВР.10","Материалы",0,0,1,1,1,"Материалы"," "," "
"КВР.10.1","Материалы на складе",0,0,1,1,1,"Материалы"," "," "
"КВР.10.2","Специальная оснастка и специальная одежда в эксплуатации",0,0,1,1,1,"Материалы"," "," "
"КВР.20","Незавершенное производство",0,0,1,1,1,"Номенклатура","Затраты осн. произ-ва","Подразделения"
"КВР.21","Полуфабрикаты собственного производства",0,0,1,1,1,"Номенклатура"," "," "
"КВР.28","Брак в производстве",0,0,1,1,1,"Виды номенклатуры","Подразделения"," "
"КВР.41","Товары",0,0,1,1,1,"Номенклатура"," "," "
"КВР.43","Готовая продукция",0,0,1,1,1,"Номенклатура"," "," "
"КВР.44","Расходы на продажу",0,0,1,1,1," "," "," "
"КВР.44.1","Издержки обращения в организациях, осуществляющих торговую деятельность",0,0,1,1,1,"Издержки обращения"," "," "
"КВР.44.2","Коммерческие расходы в организациях, осуществляющих промышленную и иную производственную деятельность",0,0,1,1,1,"Коммерч. расходы"," "," "
"КВР.44.3","Расходы на продажу в организациях, осуществляющих заготовление и переработку сельскохозяйственной продукции",0,0,1,1,1,"Расходы на продажу"," "," "
"КВР.45","Товары отгруженные",0,0,1,1,1,"Контрагенты","Договоры","Номенклатура"
"КВР.58","Финансовые вложения",0,0,1,1,1,"Контрагенты"," "," "
"КВР.58.1","Паи",0,0,1,1,1,"Контрагенты"," "," "
"КВР.58.2","Ценные бумаги",0,0,1,1,1,"Контрагенты","Ценные бумаги"," "
"КВР.58.5","Приобретенные права в рамках оказания финансовых услуг",0,0,1,1,1,"Контрагенты","Договоры"," "
"КВР.63","Резервы по сомнительным долгам",0,0,1,1,1,"Контрагенты","Договоры"," "
"КВР.94","Недостачи и потери от порчи ценностей",0,0,1,1,1," "," "," "
"КВР.97","Расходы будущих периодов",0,0,1,1,1,"Расх. буд. пер."," "," "
"КВР.98","Безвозмездные поступления",0,0,1,1,1," "," "," "
"КВР.УП","Убытки прошлых лет",0,0,1,1,1," "," "," "
"КВР.УТ","Убытки текущего периода",0,0,1,1,1," "," "," "
"КМС","Товары, переданные на комиссию",0,1,1,1,0,"Номенклатура","Договор с комитентами","Договоры с комисс."
"КН","Не используется",0,0,1,0,1,"Сотрудники"," "," "
"МЦ","Материальные ценности в эксплуатации",0,0,1,1,0," "," "," "
"МЦ.01","Основные средства в эксплуатации",0,0,1,1,0,"Осн. средства"," "," "
"Н01","Формирование стоимости объекта учета",0,0,1,1,0," "," "," "
"Н01.01","Формирование стоимости объектов внеоборотных активов",0,1,1,1,0,"Объекты внеобор.активов","Условия поступления и выбытия","Основание"
"Н01.02","Учет стоимости оборудования",0,1,1,1,0,"Оборудование","Условия поступления и выбытия","Основание"
"Н01.03","Формирование расходов на НИОКР",0,0,1,1,0,"Объекты внеобор.активов","Условия поступления и выбытия","Основание"
"Н01.04","Формирование расходов на освоение природных ресурсов",0,0,1,1,0,"Условия поступления и выбытия","Основание"," "
"Н01.05","Формирование прямых расходов на производство товаров (работ, услуг) основного производства",0,0,1,1,0,"Группы (виды) расходов","Виды номенклатуры"," "
"Н01.06","Формирование прямых расходов на производство товаров (работ, услуг) основного производства, подлежащих распределению",0,0,1,1,0,"Группы (виды) расходов"," "," "
"Н01.07","Транспортные расходы по доставке покупных товаров",0,0,1,1,0,"Условия поступления и выбытия","Основание"," "
"Н01.08","Формирование стоимости объектов нематериальных активов",0,0,1,1,0,"Объекты внеобор.активов","Условия поступления и выбытия","Основание"
"Н01.09","Строительство объектов основных средств",0,0,1,1,0,"Объекты внеобор.активов","Условия поступления и выбытия","Основание"
"Н01.10","Брак в производстве",0,0,1,1,0,"Виды номенклатуры","Подразделения"," "
"Н02","Движение имущества, прав",0,0,1,1,0," "," "," "
"Н02.01","Поступление и выбытие материалов",0,1,1,1,0,"Материалы","Условия поступления и выбытия","Основание"
"Н02.02","Поступление и выбытие товаров",0,1,1,1,0,"Номенклатура","Условия поступления и выбытия","Основание"
"Н02.03","Поступление и выбытие готовой продукции",0,1,1,1,0,"Номенклатура","Условия поступления и выбытия","Основание"
"Н02.04","Отгруженные без перехода права собственности МПЗ",0,1,1,1,0,"Номенклатура","Условия поступления и выбытия","Основание"
"Н02.04.1","Отгруженные товары",0,1,1,1,0,"Номенклатура","Условия поступления и выбытия","Основание"
"Н02.04.2","Отгруженная готовая продукция",0,1,1,1,0,"Номенклатура","Условия поступления и выбытия","Основание"
"Н02.04.3","Отгруженные полуфабрикаты",0,1,1,1,0,"Номенклатура","Условия поступления и выбытия","Основание"
"Н02.05","Поступление и выбытие ценных бумаг",0,1,1,1,0,"Ценные бумаги","Условия поступления и выбытия","Основание"
"Н02.06","Приобретение прав в рамках оказания финансовых услуг",0,0,1,1,0,"Договоры","Условия поступления и выбытия","Основание"
"Н02.07","Поступление и выбытие полуфабрикатов собственного производства",0,1,1,1,0,"Номенклатура","Условия поступления и выбытия","Основание"
"Н02.08","Паи",0,0,1,1,0,"Контрагенты","Условия поступления и выбытия","Основание"
"Н02.09","МПЗ в производственном подразделении",0,0,1,1,0," "," "," "
"Н02.09.1","Материалы в производственном подразделении",0,1,1,1,0,"Материалы","Подразделения"," "
"Н02.09.2","Товары в производственном подразделении",0,1,1,1,0,"Номенклатура","Подразделения"," "
"Н02.09.3","Готовая продукция в производственном подразделении",0,1,1,1,0,"Номенклатура","Подразделения"," "
"Н02.09.4","Полуфабрикаты в производственном подразделении",0,1,1,1,0,"Номенклатура","Подразделения"," "
"Н02.МЦ","Материалы, учтенные в составе ОС",0,1,1,1,0,"Материалы"," "," "
"Н03","Нормируемые расходы",0,0,1,1,1," "," "," "
"Н03.01","Расходы на гарантийный ремонт и обслуживание",0,0,1,1,0,"Условия поступления и выбытия","Основание"," "
"Н03.03","Представительские расходы",0,0,1,1,0,"Условия поступления и выбытия","Основание"," "
"Н03.04","Расходы на рекламу",0,0,1,1,0,"Условия поступления и выбытия","Основание"," "
"Н03.05","Добровольное страхование по договорам долгосрочного страхования жизни работников, пенсионного страхования и (или) негосударственного пенсионного обеспечения работников",0,0,1,1,0,"Сотрудники"," "," "
"Н03.06","Добровольное личное страхование, предусматривающее оплату страховщиками медицинских расходов",0,0,1,1,0,"Сотрудники"," "," "
"Н03.07","Договоры добровольного личного страхования, заключаемые исключительно на случай наступления смерти или утраты трудоспособности",0,0,1,1,0,"Сотрудники"," "," "
"Н03.08","Резервы по сомнительным долгам",0,0,1,0,1," "," "," "
"Н04","Расходы будущих периодов",0,0,1,1,0,"Расх. буд. пер."," "," "
"Н04.02","Отрицательный результат от реализации амортизируемого имущества",0,0,1,1,0,"Расх. буд. пер."," "," "
"Н04.03","Расходы на НИОКР",0,0,1,1,0,"Расх. буд. пер."," "," "
"Н04.04","Расходы на освоение природных ресурсов",0,0,1,1,0,"Расх. буд. пер."," "," "
"Н04.05","Расходы будущих периодов по добровольному страхованию по договорам долгосрочного страхования жизни работников, пенсионного страхования и (или) негосударственного пенсионного обеспечения работников",0,0,1,1,0,"Расх. буд. пер.","Сотрудники","Условия поступления и выбытия"
"Н04.06","Расходы будущих периодов по добровольному личному страхованию, предусматривающему оплату страховщиками медицинских расходов",0,0,1,1,0,"Расх. буд. пер.","Сотрудники","Условия поступления и выбытия"
"Н04.07","Расходы будущих периодов по договорам добровольного личного страхования, заключаемым исключительно на случай наступления смерти или утраты трудоспособности",0,0,1,1,0,"Расх. буд. пер.","Сотрудники","Условия поступления и выбытия"
"Н04.08","Расходы будущих периодов по страхованию имущества",0,0,1,1,0,"Расх. буд. пер.","Условия поступления и выбытия","Основание"
"Н04.09","Прочие расходы будущих периодов",0,0,1,1,0,"Расх. буд. пер.","Условия поступления и выбытия","Основание"
"Н04.10","Расходы будущих периодов на оплату труда",0,0,1,1,0,"Расх. буд. пер.","Сотрудники"," "
"Н04.11","Налоги и сборы с расходов на оплату труда будущих периодов",0,0,1,1,0,"Расх. буд. пер.","Налоги и отчисления"," "
"Н05","Амортизируемое имущество",0,0,1,1,1," "," "," "
"Н05.01","Первоначальная  стоимость основных средств",0,0,1,1,0,"Осн. средства","Условия поступления и выбытия","Основание"
"Н05.02","Сумма начисленной амортизации основных средств",0,0,1,0,1,"Осн. средства"," "," "
"Н05.03","Первоначальная  стоимость нематериальных активов",0,0,1,1,0,"НМА и расходы на НИОКР","Условия поступления и выбытия","Основание"
"Н05.04","Сумма начисленной амортизации нематериальных активов",0,0,1,0,1,"НМА и расходы на НИОКР"," "," "
"Н05.КВ","Амортизационная премия (п. 1.1 ст. 259 НК РФ)",0,0,1,1,0,"Осн. средства"," "," "
"Н05.МЦ","Основные средства, учтенные в составе МПЗ",0,0,1,1,0,"Осн. средства"," "," "
"Н06","Доходы от реализации имущества, работ, услуг, прав",0,0,1,0,1," "," "," "
"Н06.01","Выручка от реализации товаров (работ, услуг) собственного производства",0,1,1,0,1,"Номенклатура","Условия поступления и выбытия","Основание"
"Н06.02","Выручка от реализации имущественных прав, за исключением доходов от реализации права требования",0,0,1,0,1,"Договоры","Условия поступления и выбытия","Основание"
"Н06.03","Выручка от реализации прочего имущества",0,1,1,0,1,"Условия поступления и выбытия","Основание"," "
"Н06.04","Выручка от реализации покупных товаров",0,1,1,0,1,"Номенклатура","Условия поступления и выбытия","Основание"
"Н06.05","Выручка от реализации основных средств",0,0,1,0,1,"Осн. средства","Условия поступления и выбытия","Основание"
"Н06.06","Выручка от реализации нематериальных активов",0,0,1,0,1,"НМА и расходы на НИОКР","Условия поступления и выбытия","Основание"
"Н06.07","Выручка от реализации права требования как реализации финансовых услуг",0,0,1,0,1,"Договоры","Условия поступления и выбытия","Основание"
"Н06.08","Выручка от реализации  права требования до наступления срока платежа",0,0,1,0,1,"Договоры","Условия поступления и выбытия","Основание"
"Н06.09","Выручка от реализации  права требования после наступления срока платежа",0,0,1,0,1,"Договоры","Условия поступления и выбытия","Основание"
"Н06.10","Выручка от реализации товаров (работ, услуг) по объектам обслуживающих производств и хозяйств, включая объекты жилищно-коммунальной и социально-культурной сферы",0,0,1,0,1,"Условия поступления и выбытия","Основание"," "
"Н06.11","Выручка от реализации ценных бумаг",0,1,1,0,1,"Ценные бумаги","Условия поступления и выбытия","Основание"
"Н07","Расходы, связанные с реализацией имущества, работ, услуг, прав",0,0,1,1,0," "," "," "
"Н07.01","Прямые расходы организаций, осуществляющих производство и реализацию товаров, реализацию имущественных прав",0,0,1,1,0," "," "," "
"Н07.02","Прямые расходы организаций, осуществляющих деятельность в области оказания услуг, выполнения работ",0,0,1,1,0," "," "," "
"Н07.03","Прямые расходы налогоплательщиков, осуществляющих оптовую, мелкооптовую и розничную торговлю",0,0,1,1,0," "," "," "
"Н07.04","Косвенные расходы",0,0,1,1,0,"Группы (виды) расходов","Условия поступления и выбытия","Основание"
"Н07.04.1","Косвенные расходы",0,0,1,1,0,"Группы (виды) расходов","Условия поступления и выбытия","Основание"
"Н07.04.2","Косвенные расходы текущего периода, подлежащие распределению",0,0,1,1,0,"Группы (виды) расходов","Условия поступления и выбытия","Основание"
"Н07.05","Стоимость реализованных покупных товаров",0,0,1,1,0," "," "," "
"Н07.06","Цена приобретения реализованного прочего имущества и расходы, связанные с его реализацией",0,0,1,1,0,"Условия поступления и выбытия","Основание"," "
"Н07.07","Остаточная стоимость реализованных основных средств и расходы, связанные с их реализацией",0,0,1,1,0,"Осн. средства","Условия поступления и выбытия","Основание"
"Н07.08","Остаточная стоимость реализованных нематериальных активов и расходы, связанные с их реализацией",0,0,1,1,0,"НМА и расходы на НИОКР","Условия поступления и выбытия","Основание"
"Н07.09","Стоимость реализованного права требования как реализации финансовых услуг",0,0,1,1,0,"Контрагенты","Договоры"," "
"Н07.10","Стоимость реализованного права требования в соответствии с п.1 статьи 279 НК до наступления срока платежа",0,0,1,1,0,"Контрагенты","Договоры"," "
"Н07.11","Стоимость реализованного права требования в соответствии с п.2 статьи 279 НК после наступления срока платежа",0,0,1,1,0,"Контрагенты","Договоры"," "
"Н07.12","Суммы процентов, которую налогоплательщик уплатил бы по статье 279 НК п.1, исчисленных в соответствии со статьей 269",0,0,1,1,0,"Контрагенты","Договоры"," "
"Н07.13","Расходы, понесенные обслуживающими производствами и хозяйствами при реализации ими товаров (работ, услуг)",0,0,1,1,0,"Условия поступления и выбытия","Основание"," "
"Н07.14","Расходы, связанные с приобретением и реализацией  ценных бумаг",0,0,1,1,0,"Ценные бумаги","Условия поступления и выбытия","Основание"
"Н08","Внереализационные доходы",0,0,1,0,1,"Внереализационные доходы","Основание"," "
"Н09","Внереализационные расходы",0,0,1,1,0,"Внереализационные расходы","Условия поступления и выбытия","Основание"
"Н10","Убытки прошлых лет по объектам обслуживающих производств",0,0,1,1,0," "," "," "
"Н11","Убытки прошлых лет",0,0,1,1,0," "," "," "
"Н11.00","Убытки за 2000 год",0,0,1,1,0," "," "," "
"Н11.01","Убытки за 2001 год",0,0,1,1,0," "," "," "
"Н11.02","Убытки за 2002 год",0,0,1,1,0," "," "," "
"Н11.03","Убытки за 2003 год",0,0,1,1,0," "," "," "
"Н11.04","Убытки за 2004 год",0,0,1,1,0," "," "," "
"Н11.05","Убытки за 2005 год",0,0,1,1,0," "," "," "
"Н11.06","Убытки за 2006 год",0,0,1,1,0," "," "," "
"Н11.07","Убытки за 2007 год",0,0,1,1,0," "," "," "
"Н11.08","Убытки за 2008 год",0,0,1,1,0," "," "," "
"Н11.97","Убытки за 1997 год",0,0,1,1,0," "," "," "
"Н11.98","Убытки за 1998 год",0,0,1,1,0," "," "," "
"Н11.99","Убытки за 1999 год",0,0,1,1,0," "," "," "
"Н12","Учет целевого финансирования",0,0,1,1,1,"Условия поступления и выбытия","Основание"," "
"Н13","Движение дебиторской и кредиторской задолженности",0,0,1,1,1,"Контрагенты","Договоры"," "
"Н13.01","Движение дебиторской задолженности",0,0,1,1,0,"Контрагенты","Договоры"," "
"Н13.02","Движение кредиторской задолженности",0,0,1,0,1,"Контрагенты","Договоры"," "
"Н13.03","НДС по кредиторской задолженности",0,0,1,0,1,"Контрагенты","Договоры"," "
"Н14","Расходы на оплату труда",0,0,1,0,1,"Сотрудники","Виды начислений по оплате труда"," "
"Н14.01","Расходы по сотрудникам, не связанным с производственной деятельностью",0,0,1,0,1,"Сотрудники","Виды начислений по оплате труда"," "
"Н14.02","Расходы по сотрудникам, связанным с производственной деятельностью",0,0,1,0,1,"Сотрудники","Виды начислений по оплате труда"," "
"Н15","Налоги и отчисления",0,0,1,0,1,"Налоги и отчисления","Сроки уплаты налогов"," "
"Н16","Недостачи и потери от порчи ценностей",0,0,1,1,0," "," "," "
"НБ","Не используется",0,0,1,0,1,"Сотрудники","Виды начислений"," "
"НПР","Постоянные разницы",0,0,1,1,0," "," "," "
"НПР.01","Основные средства",0,0,1,1,0,"Осн. средства"," "," "
"НПР.04","Нематериальные активы",0,0,1,1,0,"НМА и расходы на НИОКР"," "," "
"НПР.07","Оборудование к установке",0,0,1,1,0,"Оборудование"," "," "
"НПР.08","Внеоборотные активы",0,0,1,1,0,"Объекты внеобор.активов"," "," "
"НПР.10","Материалы",0,0,1,1,0,"Материалы"," "," "
"НПР.10.1","Материалы на складе",0,0,1,1,0,"Материалы"," "," "
"НПР.10.2","Специальная оснастка и специальная одежда в эксплуатации",0,0,1,1,0,"Материалы"," "," "
"НПР.20","Незавершенное производство",0,0,1,1,0,"Номенклатура","Затраты осн. произ-ва","Подразделения"
"НПР.21","Полуфабрикаты собственного производства",0,0,1,1,0,"Номенклатура"," "," "
"НПР.23","Расходы вспомогательных производств",0,0,1,1,0,"Подразделения","Затраты на производство"," "
"НПР.25","Общепроизводственные расходы",0,0,1,1,0,"Общепроизв. затраты","Подразделения"," "
"НПР.26","Общехозяйственные расходы",0,0,1,1,0,"Общехоз. затраты","Подразделения"," "
"НПР.28","Брак в производстве",0,0,1,1,0,"Виды номенклатуры","Подразделения"," "
"НПР.29","Обслуживающие производства и хозяйства",0,0,1,1,0,"Затраты обсл. пр-в","Подразделения"," "
"НПР.41","Товары",0,0,1,1,0,"Номенклатура"," "," "
"НПР.43","Готовая продукция",0,0,1,1,0,"Номенклатура"," "," "
"НПР.44","Расходы на продажу",0,0,1,1,0," "," "," "
"НПР.44.1","Издержки обращения в организациях, осуществляющих торговую деятельность",0,0,1,1,0,"Издержки обращения"," "," "
"НПР.44.2","Коммерческие расходы в организациях, осуществляющих промышленную и иную производственную деятельность",0,0,1,1,0,"Коммерч. расходы"," "," "
"НПР.44.3","Расходы на продажу в организациях, осуществляющих заготовление и переработку сельскохозяйственной продукции",0,0,1,1,0,"Расходы на продажу"," "," "
"НПР.45","Товары отгруженные",0,0,1,1,0,"Контрагенты","Договоры","Номенклатура"
"НПР.58","Финансовые вложения",0,0,1,1,0,"Контрагенты"," "," "
"НПР.58.1","Паи",0,0,1,1,0,"Контрагенты"," "," "
"НПР.58.2","Ценные бумаги",0,0,1,1,0,"Контрагенты","Ценные бумаги"," "
"НПР.58.5","Приобретенные права в рамках оказания финансовых услуг",0,0,1,1,0,"Контрагенты","Договоры"," "
"НПР.63","Резервы по сомнительным долгам",0,0,1,1,0,"Контрагенты","Договоры"," "
"НПР.94","Недостачи и потери от порчи ценностей",0,0,1,1,0," "," "," "
"НПР.97","Расходы будущих периодов",0,0,1,1,0,"Расх. буд. пер."," "," "
"НПР.98","Безвозмездные поступления",0,0,1,1,0," "," "," "
"НПР.99","Постоянные разницы текущего периода",0,0,1,1,0," "," "," "
"НПР.УП","Убытки прошлых лет",0,0,1,1,0," "," "," "
"УЕ","Задолженность по расчетам в условных единицах",1,0,1,1,1,"Контрагенты","Договоры"," "
"УЕ.60","Задолженность по приобретению в условных единицах",1,0,1,0,1,"Контрагенты","Договоры"," "
"УЕ.62","Задолженность по реализации в условных единицах",1,0,1,1,0,"Контрагенты","Договоры"," "
